monitoring_id,species_name,tree_planting_date,date_monitoring,total_tree,avg_tree_height,carbon_reduce,total_carbon_reduce,tree_planting_system
SS-1-G1,Bruguiera gymnorrhiza,2018-03-18,2024-04-16,9,0.81,0.0163708527062984,0.147337674356686,Ajir
SS-1-G2,Bruguiera gymnorrhiza,2018-03-18,2024-04-16,8,0.39,0.00257630727006328,0.0206104581605062,Ajir
SS-1-G3,Bruguiera gymnorrhiza,2023-03-04,2024-04-16,5,0.29,0.00121750607798047,0.00608753038990233,Ajir
SS-1-G4,Bruguiera gymnorrhiza,2023-03-04,2024-04-16,2,0.38,0.00241244101064321,0.00482488202128643,Ajir
SS-1-G4,Bruguiera gymnorrhiza,2023-03-04,2024-04-16,1,0.5,0.00483056927003685,0.00483056927003685,Ajir
SS-1-G5,Bruguiera gymnorrhiza,2023-03-15,2024-04-16,3,0.44,0.00349574282376336,0.0104872284712901,Ajir
SS-1-G6,Bruguiera gymnorrhiza,2023-03-15,2024-04-16,3,0.53,0.00559786155461296,0.0167935846638389,Ajir
SS-1-G7,Bruguiera gymnorrhiza,2023-03-15,2024-04-16,1,0.68,0.0105160284511329,0.0105160284511329,Ajir
SS-1-G7,Bruguiera gymnorrhiza,2023-03-15,2024-04-16,2,0.65,0.00938155859860921,0.0187631171972184,Ajir
SS-1-G8,Bruguiera gymnorrhiza,2023-03-15,2024-04-16,1,1.165,0.0410590403318986,0.0410590403318986,Ajir
SS-1-G8,Bruguiera gymnorrhiza,2023-03-15,2024-04-16,1,0.785,0.0151225293073287,0.0151225293073287,Ajir
SS-1-G9,Bruguiera gymnorrhiza,2023-03-15,2024-04-16,2,0.86,0.0190495747368542,0.0380991494737084,Ajir
SS-1-G11,Bruguiera gymnorrhiza,2023-03-18,2024-04-16,1,0.51,0.00507874898806015,0.00507874898806015,Ajir
SS-1-G12,Bruguiera gymnorrhiza,2023-03-18,2024-04-16,1,0.76,0.0139335760309741,0.0139335760309741,Ajir
SS-1-G13,Bruguiera gymnorrhiza,2022-03-22,2024-04-16,2,1.32,0.0563191704446783,0.112638340889357,Ajir
SS-1-G15,Bruguiera gymnorrhiza,2022-03-22,2024-04-16,3,1,0.0279,0.0837,Ajir
SS-1-G16,Bruguiera gymnorrhiza,2022-03-22,2024-04-16,4,0.73,0.0125837777512435,0.0503351110049742,Ajir
SS-1-G17,Bruguiera gymnorrhiza,2022-03-22,2024-04-16,2,0.39,0.00257630727006328,0.00515261454012656,Ajir
SS-1-G18,Bruguiera gymnorrhiza,2022-03-22,2024-04-16,3,0.65,0.00938155859860921,0.0281446757958276,Ajir
SS-1-G19,Bruguiera gymnorrhiza,2022-03-22,2024-04-16,6,1.005,0.0282542861681546,0.169525717008927,Ajir
SS-1-G19,Bruguiera gymnorrhiza,2022-03-22,2024-04-16,5,0.62,0.00832444288112943,0.0416222144056471,Ajir
SS-1-G20,Bruguiera gymnorrhiza,2022-03-22,2024-04-16,15,0.93,0.0232202057228073,0.348303085842109,Ajir
SS-1-G20,Bruguiera gymnorrhiza,2022-03-22,2024-04-16,2,0.76,0.0139335760309741,0.0278671520619482,Ajir
SS-1-G21,Bruguiera gymnorrhiza,2022-03-22,2024-04-16,22,1.03,0.0300664658249494,0.661462248148888,Ajir
SS-1-G21,Bruguiera gymnorrhiza,2022-03-22,2024-04-16,11,1.17,0.0415063394464339,0.456569733910773,Ajir
SS-1-G22,Bruguiera gymnorrhiza,2022-03-22,2024-04-16,20,0.6,0.0076617304128358,0.153234608256716,Ajir
SS-1-G22,Bruguiera gymnorrhiza,2022-03-22,2024-04-16,5,1.03,0.0300664658249494,0.150332329124747,Ajir
SS-1-G23,Bruguiera gymnorrhiza,2022-03-22,2024-04-16,24,1.21,0.0451909207653017,1.08458209836724,Ajir
SS-1-G23,Bruguiera gymnorrhiza,2022-03-22,2024-04-16,6,1.34,0.0585031624735311,0.351018974841186,Ajir
SS-1-G24,Bruguiera gymnorrhiza,2022-03-22,2024-04-16,25,1.31,0.0552459672053997,1.38114918013499,Ajir
SS-1-G24,Bruguiera gymnorrhiza,2022-03-22,2024-04-16,14,1.09,0.0346971052164963,0.485759473030948,Ajir
SS-1-G25,Bruguiera gymnorrhiza,2022-03-22,2024-04-16,37,1.12,0.0371642866052266,1.37507860439338,Waring
SS-1-G25,Bruguiera gymnorrhiza,2022-03-22,2024-04-16,27,0.94,0.0238571012040181,0.64414173250849,Waring
SS-1-G26,Bruguiera gymnorrhiza,2022-03-22,2024-04-16,13,0.85,0.0184941376336462,0.2404237892374,Waring
SS-1-G26,Bruguiera gymnorrhiza,2022-03-22,2024-04-16,31,0.6,0.0076617304128358,0.23751364279791,Waring
SS-1-G27,Bruguiera gymnorrhiza,2022-03-22,2024-04-16,34,0.88,0.0201904204930807,0.686474296764744,Waring
SS-1-G27,Bruguiera gymnorrhiza,2022-03-22,2024-04-16,20,0.86,0.0190495747368542,0.380991494737084,Waring
SS-1-G28,Bruguiera gymnorrhiza,2022-03-22,2024-04-16,2,1.05,0.0315655332117332,0.0631310664234663,Waring
SS-1-G28,Bruguiera gymnorrhiza,2022-03-22,2024-04-16,9,1.02,0.0293334157623615,0.264000741861254,Waring
SS-1-G29,Bruguiera gymnorrhiza,2022-03-22,2024-04-16,8,0.46,0.00391184391127164,0.0312947512901732,Waring
SS-1-G29,Bruguiera gymnorrhiza,2022-03-22,2024-04-16,3,0.9,0.0213716351855848,0.0641149055567543,Waring
SS-1-G30,Sonneratia alba,2023-03-05,2024-04-16,3,0.7,0.0113162424730533,0.0339487274191599,Waring
SS-1-G30,Sonneratia alba,2023-03-05,2024-04-16,7,0.94,0.0238571012040181,0.166999708428127,Waring
SS-1-G30,Sonneratia alba,2023-03-05,2024-04-16,10,0.99,0.0271995203544246,0.271995203544246,Waring
SS-1-G31,Sonneratia alba,2023-03-05,2024-04-16,3,1.33,0.0574048854847575,0.172214656454272,Waring
SS-1-G31,Sonneratia alba,2023-03-05,2024-04-16,11,1.2,0.044251984925265,0.486771834177915,Waring
SS-1-G31,Sonneratia alba,2023-03-05,2024-04-16,6,1.3,0.0541852254401478,0.325111352640887,Waring
SS-1-G32,Sonneratia alba,2023-03-05,2024-04-16,8,1.24,0.0480796244500887,0.38463699560071,Waring
SS-1-G32,Sonneratia alba,2023-03-05,2024-04-16,11,0.8,0.015864334936755,0.174507684304305,Waring
SS-1-G33,Sonneratia alba,2023-03-05,2024-04-16,7,1.14,0.0388663249317291,0.272064274522103,Waring
SS-1-G33,Sonneratia alba,2023-03-05,2024-04-16,15,0.94,0.0238571012040181,0.357856518060272,Waring
SS-1-G33,Sonneratia alba,2023-03-05,2024-04-16,29,1.12,0.0371642866052266,1.07776431155157,Waring
SS-1-G34,Sonneratia alba,2023-03-05,2024-04-16,29,1.26,0.0500658602094468,1.45190994607396,Waring
SS-1-G35,Sonneratia alba,2023-03-05,2024-04-16,10,1.17,0.0415063394464339,0.415063394464339,Waring
SS-1-G35,Sonneratia alba,2023-03-05,2024-04-16,35,1.04,0.0308104862009348,1.07836701703272,Waring
SS-1-G35,Sonneratia alba,2023-03-05,2024-04-16,108,1.15,0.0397346817892616,4.29134563324025,Waring
SS-1-G35,Sonneratia caseolaris,2023-03-05,2024-04-16,2,1.33,0.0574048854847575,0.114809770969515,Ajir
SS-1-G36,Sonneratia alba,2023-03-18,2024-04-16,44,1.15,0.0397346817892616,1.74832599872751,Ajir
SS-1-G36,Sonneratia caseolaris,2023-05-14,2024-04-16,5,1.2,0.044251984925265,0.221259924626325,Ajir
SS-1-G36,Rhizophora apiculata,2023-05-14,2024-04-16,10,1.14,0.0388663249317291,0.388663249317291,Ajir
SS-1-G39,Sonneratia alba,2023-03-05,2024-04-16,17,1.14,0.0388663249317291,0.660727523839394,Waring
SS-3-G1,Kandelia candel,2023-05-13,2024-04-27,11,1.01,0.0286112794341566,0.314724073775722,Waring
SS-3-G2,Kandelia candel,2023-05-13,2024-04-27,19,0.8,0.015864334936755,0.301422363798344,Waring
SS-3-G3,Kandelia candel,2023-05-13,2024-04-27,12,1.12,0.0371642866052266,0.445971439262719,Waring
SS-3-G4,Kandelia candel,2023-05-13,2024-04-27,14,0.97,0.0258307306579455,0.361630229211237,Waring
SS-3-G5,Kandelia candel,2023-05-13,2024-04-27,8,0.92,0.0225937025272482,0.180749620217985,Waring
SS-3-G6,Kandelia candel,2023-05-13,2024-04-27,11,1,0.0279,0.3069,Waring
SS-3-G7,Kandelia candel,2023-05-13,2024-04-27,14,0.63,0.00866833712565285,0.12135671975914,Waring
SS-3-G8,Kandelia candel,2023-05-13,2024-04-27,12,1.2,0.044251984925265,0.53102381910318,Waring
SS-3-G8,Bruguiera gymnorrhiza,2022-12-19,2024-04-27,2,1.25,0.0490666645089897,0.0981333290179794,Waring
SS-3-G8,Bruguiera gymnorrhiza,2022-12-19,2024-04-27,1,1,0.0279,0.0279,Waring
SS-3-G9,Kandelia candel,2023-05-13,2024-04-27,10,1.23,0.0471046883952865,0.471046883952865,Ajir
SS-3-G9,Rhizophora mucronata,2022-12-19,2024-04-27,4,1.17,0.0415063394464339,0.166025357785736,Ajir
SS-3-G9,Rhizophora mucronata,2022-12-20,2024-04-27,3,1.55,0.0845557993767284,0.253667398130185,Ajir
SS-3-G9,Rhizopora apiculata,2022-12-21,2024-04-27,5,1.55,0.0845557993767284,0.422778996883642,Ajir
SS-3-G9,Rhizopora apiculata,2022-12-22,2024-04-27,3,1.19,0.0433249445547778,0.129974833664333,Waring
SS-3-G9,Rhizopora apiculata,2022-12-23,2024-04-27,3,1.12,0.0371642866052266,0.11149285981568,Waring
SS-3-G10,Kandelia candel,2023-05-13,2024-04-27,6,1.51,0.0791436143637495,0.474861686182497,Waring
SS-3-G10,Kandelia candel,2022-12-19,2024-04-27,6,1.4,0.0653594115618134,0.39215646937088,Waring
SS-3-G10,Rhizopora apiculata,2022-12-19,2024-04-27,2,1.79,0.121708909625453,0.243417819250906,Waring
SS-3-G11,Kandelia candel,2022-12-19,2024-04-27,1,1.95,0.151144298762516,0.151144298762516,Waring
SS-3-G11,Rhizophora mucronata,2022-12-19,2024-04-27,24,1.22,0.0461418045110259,1.10740330826462,Waring
SS-3-G11,Rhizophora mucronata,2023-05-13,2024-04-27,23,1.05,0.0315655332117332,0.726007263869863,Waring
SS-3-G12,Rhizophora mucronata,2023-05-13,2024-04-27,3,1,0.0279,0.0837,Waring
SS-3-G12,Kandelia candel,2022-12-19,2024-04-27,5,1.48,0.0752257182806571,0.376128591403285,Waring
SS-3-G12,Rhizophora mucronata,2022-12-19,2024-04-27,2,1.26,0.0500658602094468,0.100131720418894,Waring
SS-3-G12,Rhizophora mucronata,2022-12-19,2024-04-27,3,1.45,0.0714274669538694,0.214282400861608,Waring
SS-3-G12,Rhizopora apiculata,2022-12-19,2024-04-27,6,1.83,0.128707975832998,0.772247854997987,Waring
SS-3-G12,Rhizopora apiculata,2022-12-19,2024-04-27,1,1.87,0.135945071608327,0.135945071608327,Waring
SS-3-G12,Rhizopora apiculata,2022-12-19,2024-04-27,2,1.53,0.0818226466660864,0.163645293332173,Waring
SS-3-G13,Bruguiera gymnorrhiza,2022-12-19,2024-04-27,5,1.49,0.076518326353535,0.382591631767675,Waring
SS-3-G13,Bruguiera gymnorrhiza,2022-12-19,2024-04-27,1,1.23,0.0471046883952865,0.0471046883952865,Ajir
SS-3-G13,Kandelia candel,2022-12-19,2024-04-27,12,1.64,0.0975346969324793,1.17041636318975,Ajir
SS-3-G14,Bruguiera gymnorrhiza,2022-12-19,2024-04-27,1,1,0.0279,0.0279,Ajir
SS-3-G14,Kandelia candel,2023-05-14,2024-04-27,22,0.57,0.00672926433170171,0.148043815297438,Ajir
SS-3-G15,Kandelia candel,2023-05-14,2024-04-27,4,0.36,0.00210401838419258,0.00841607353677033,Ajir
SS-3-G16,Kandelia candel,2023-05-14,2024-04-27,6,1.1,0.0355081214562516,0.21304872873751,Ajir
SS-3-G17,Kandelia candel,2023-05-14,2024-04-27,2,0.62,0.00832444288112943,0.0166488857622589,Waring
SS-3-G18,Kandelia candel,2023-05-14,2024-04-27,5,1.24,0.0480796244500887,0.240398122250444,Waring
SS-3-G19,Kandelia candel,2023-05-14,2024-04-27,30,1.1,0.0355081214562516,1.06524364368755,Waring
SS-3-G20,Kandelia candel,2023-05-14,2024-04-27,10,0.82,0.0168870290238133,0.168870290238133,Waring
SS-3-G20,Rhizophora mucronata,2023-05-14,2024-04-27,33,0.72,0.012152214291407,0.401023071616429,Waring
SS-3-G21,Rhizophora mucronata,2023-05-14,2024-04-27,42,1.02,0.0293334157623615,1.23200346201918,Waring
SS-3-G22,Rhizophora mucronata,2023-05-14,2024-04-27,24,1.01,0.0286112794341566,0.686670706419758,Waring
SS-3-G22,Rhizopora apiculata,2023-05-14,2024-04-27,8,0.73,0.0125837777512435,0.100670222009948,Waring
SS-3-G22,Kandelia candel,2023-05-14,2024-04-27,1,0.82,0.0168870290238133,0.0168870290238133,Waring
SS-3-G23,Rhizophora mucronata,2023-05-14,2024-04-27,23,0.94,0.0238571012040181,0.548713327692417,Waring
SS-3-G23,Rhizopora apiculata,2023-05-14,2024-04-27,3,0.27,0.00101614229071688,0.00304842687215063,Waring
SS-3-G23,Kandelia candel,2023-06-16,2024-04-27,3,1.09,0.0346971052164963,0.104091315649489,Waring
SS-3-G24,Kandelia candel,2023-06-16,2024-04-27,12,1.37,0.0618738639689548,0.742486367627457,Waring
SS-3-G25,Kandelia candel,2023-06-16,2024-04-27,4,0.94,0.0238571012040181,0.0954284048160726,Waring
SS-3-G26,Kandelia candel,2023-06-16,2024-04-27,3,1.22,0.0461418045110259,0.138425413533078,Waring
SS-3-G27,Kandelia candel,2023-06-16,2024-04-27,1,0.92,0.0225937025272482,0.0225937025272482,Waring
SS-3-G27,Bruguiera gymnorrhiza,2023-06-01,2024-04-27,29,1.14,0.0388663249317291,1.12712342302014,Waring
SS-3-G28,Bruguiera gymnorrhiza,2023-06-01,2024-04-27,1,0.68,0.0105160284511329,0.0105160284511329,Waring
SS-3-G28,Rhizopora apiculata,2023-05-14,2024-04-27,12,0.92,0.0225937025272482,0.271124430326978,Waring
SS-3-G29,Rhizopora apiculata,2023-05-14,2024-04-27,33,1.16,0.0406146687971391,1.34028407030559,Waring
SS-3-G30,Rhizopora apiculata,2023-05-14,2024-04-27,26,0.58,0.00703197028688834,0.182831227459097,Waring
SS-3-G31,Rhizopora apiculata,2023-05-14,2024-04-27,34,1.16,0.0406146687971391,1.38089873910273,Waring
SS-3-G32,Rhizopora apiculata,2023-05-14,2024-04-27,44,1.23,0.0471046883952865,2.07260628939261,Waring
SS-3-G33,Rhizopora apiculata,2023-05-14,2024-04-27,16,0.52,0.00533448701925197,0.0853517923080316,Waring
SS-3-G33,Bruguiera gymnorrhiza,2023-06-01,2024-04-27,26,1.26,0.0500658602094468,1.30171236544562,Waring
SS-3-G34,Bruguiera gymnorrhiza,2023-06-01,2024-04-27,83,1.52,0.080476388916624,6.67954028007979,Waring
SS-3-G35,Bruguiera gymnorrhiza,2023-06-01,2024-04-27,58,0.68,0.0105160284511329,0.609929650165708,Waring
SS-3-G36,Bruguiera gymnorrhiza,2023-06-01,2024-04-27,51,1.24,0.0480796244500887,2.45206084695452,Waring
SS-3-G36,Rhizopora apiculata,2023-05-14,2024-04-27,5,1.01,0.0286112794341566,0.143056397170783,Waring
SS-3-G37,Rhizopora apiculata,2023-05-14,2024-04-27,6,1,0.0279,0.1674,Waring
SS-3-G37,Bruguiera gymnorrhiza,2023-06-01,2024-04-27,52,0.98,0.0265097831229234,1.37850872239202,Ajir
SS-3-G38,Rhizopora apiculata,2023-05-14,2024-04-27,7,1.23,0.0471046883952865,0.329732818767005,Ajir
SS-3-G38,Bruguiera gymnorrhiza,2023-06-01,2024-04-27,35,1.38,0.0630228867221722,2.20580103527603,Ajir
SS-3-G39,Bruguiera gymnorrhiza,2023-06-01,2024-04-27,75,0.8,0.015864334936755,1.18982512025662,Ajir
SS-3-G40,Bruguiera gymnorrhiza,2023-06-01,2024-04-27,61,0.91,0.0219775322414971,1.34062946673132,Ajir
SS-3-G41,Bruguiera gymnorrhiza,2023-06-01,2024-04-27,68,0.96,0.0251623050347898,1.7110367423657,Ajir
SS-3-G42,Bruguiera gymnorrhiza,2023-06-01,2024-04-27,71,1.04,0.0308104862009348,2.18754452026637,Waring
SS-3-G43,Bruguiera gymnorrhiza,2023-06-01,2024-04-27,57,0.99,0.0271995203544246,1.5503726602022,Waring
SS-3-G44,Bruguiera gymnorrhiza,2023-06-01,2024-04-27,17,1.1,0.0355081214562516,0.603638064756278,Waring
SS-3-G45,Bruguiera gymnorrhiza,2023-06-01,2024-04-27,33,1.27,0.0510772629951196,1.68554967883895,Waring
SS-3-G46,Bruguiera gymnorrhiza,2023-06-01,2024-04-27,28,1.05,0.0315655332117332,0.883834929928529,Waring
SS-3-G47,Bruguiera gymnorrhiza,2023-06-01,2024-04-27,63,1.04,0.0308104862009348,1.94106063065889,Waring
SS-3-G48,Rhizophora mucronata,2023-06-12,2024-04-28,62,1.02,0.0293334157623615,1.81867177726641,Waring
SS-3-G49,Rhizophora mucronata,2023-06-12,2024-04-28,30,1.27,0.0510772629951196,1.53231788985359,Waring
SS-3-G50,Rhizophora mucronata,2023-06-12,2024-04-28,20,1.15,0.0397346817892616,0.794693635785231,Ajir
SS-3-G51,Rhizophora mucronata,2023-06-12,2024-04-28,52,1.19,0.0433249445547778,2.25289711684845,Ajir
SS-3-G52,Rhizophora mucronata,2023-06-12,2024-04-28,65,1.37,0.0618738639689548,4.02180115798206,Ajir
SS-3-G53,Rhizophora mucronata,2023-06-12,2024-04-28,39,1.22,0.0461418045110259,1.79953037593001,Ajir
SS-3-G54,Rhizophora mucronata,2023-06-12,2024-04-28,71,1.14,0.0388663249317291,2.75950907015276,Ajir
SS-3-G55,Rhizophora mucronata,2023-06-12,2024-04-28,64,1.12,0.0371642866052266,2.3785143427345,Waring
SS-3-G56,Rhizophora mucronata,2023-06-12,2024-04-28,79,0.85,0.0184941376336462,1.46103687305805,Waring
SS-3-G57,Rhizophora mucronata,2023-06-12,2024-04-28,76,0.855,0.0187706137667753,1.42656664627492,Waring
SS-3-G58,Rhizophora mucronata,2023-06-12,2024-04-28,57,1.025,0.0296985730345886,1.69281866297155,Waring
SS-3-G59,Rhizophora mucronata,2023-06-12,2024-04-28,54,0.9,0.0213716351855848,1.15406830002158,Waring
SS-3-G60,Rhizophora mucronata,2023-06-12,2024-04-28,60,0.715,0.0119398395042422,0.716390370254533,Waring
SS-3-G61,Rhizophora mucronata,2023-06-12,2024-04-28,88,0.74,0.0130244818294979,1.14615440099581,Waring
SS-3-G62,Rhizophora mucronata,2023-06-12,2024-04-28,106,1.06,0.0323316629247944,3.42715627002821,Waring
SS-3-G63,Rhizophora mucronata,2023-06-12,2024-04-28,88,0.94,0.0238571012040181,2.0994249059536,Waring
SS-3-G64,Rhizophora mucronata,2023-06-12,2024-04-28,62,0.795,0.0156146782147505,0.968110049314531,Waring
SS-3-G65,Rhizophora mucronata,2023-06-12,2024-04-28,23,0.62,0.00832444288112943,0.191462186265977,Waring
SS-3-G66,Rhizophora mucronata,2023-06-12,2024-04-28,7,0.72,0.012152214291407,0.0850655000398487,Waring
SS-3-G66,Rhizopora apiculata,2023-06-04,2024-04-28,39,0.64,0.00902068541166824,0.351806731055062,Waring
SS-3-G67,Rhizopora apiculata,2023-06-04,2024-04-28,45,0.77,0.0144020972100921,0.648094374454145,Waring
SS-3-G67,Rhizophora mucronata,2023-06-12,2024-04-28,25,0.73,0.0125837777512435,0.314594443781089,Waring
SS-3-G68,Rhizophora mucronata,2023-06-12,2024-04-28,24,0.93,0.0232202057228073,0.557284937347374,Waring
SS-3-G68,Rhizopora apiculata,2023-06-04,2024-04-28,25,0.87,0.0196149819309063,0.490374548272657,Waring
SS-3-G69,Rhizopora apiculata,2023-06-04,2024-04-28,14,0.84,0.0179486090081791,0.251280526114508,Waring
SS-3-G69,Rhizophora mucronata,2023-06-12,2024-04-28,23,0.96,0.0251623050347898,0.578733015800165,Waring
SS-3-G70,Rhizopora apiculata,2023-06-04,2024-04-28,40,1.11,0.036330497047374,1.45321988189496,Waring
SS-3-G71,Rhizopora apiculata,2023-06-04,2024-04-28,24,1.175,0.0419565727933539,1.00695774704049,Waring
SS-3-G72,Rhizopora apiculata,2023-06-04,2024-04-28,30,1.325,0.0568604608512053,1.70581382553616,Waring
SS-3-G73,Rhizopora apiculata,2023-06-04,2024-04-28,31,0.84,0.0179486090081791,0.556406879253553,Waring
SS-3-G74,Rhizopora apiculata,2023-06-04,2024-04-28,7,1.24,0.0480796244500887,0.336557371150621,Waring
SS-3-G75,Rhizopora apiculata,2023-06-04,2024-04-28,23,0.91,0.0219775322414971,0.505483241554433,Waring
SS-3-G76,Rhizopora apiculata,2023-06-04,2024-04-28,27,1.03,0.0300664658249494,0.811794577273635,Waring
SS-3-G77,Rhizopora apiculata,2023-06-04,2024-04-28,19,1.19,0.0433249445547778,0.823173946540779,Waring
SS-3-G78,Rhizopora apiculata,2023-06-04,2024-04-28,25,0.89,0.0207759513704905,0.519398784262263,Waring
SS-3-G79,Rhizopora apiculata,2023-06-04,2024-04-28,11,1.07,0.0331089311571503,0.364198242728654,Waring
SS-3-G80,Rhizopora apiculata,2023-06-04,2024-04-28,4,0.97,0.0258307306579455,0.103322922631782,Waring
SS-3-G81,Rhizopora apiculata,2023-06-04,2024-04-28,18,1.15,0.0397346817892616,0.715224272206708,Waring
SS-3-G82,Rhizopora apiculata,2023-06-04,2024-04-28,32,0.92,0.0225937025272482,0.722998480871941,Waring
SS-3-G83,Rhizopora apiculata,2023-06-04,2024-04-28,17,1.225,0.0466217431791599,0.792569634045718,Waring
SS-3-G84,Rhizopora apiculata,2023-06-04,2024-04-28,16,1.1,0.0355081214562516,0.568129943300026,Waring
SS-3-G85,Rhizopora apiculata,2023-06-04,2024-04-28,37,1.115,0.0367459616760492,1.35960058201382,Waring
SS-3-G86,Rhizopora apiculata,2023-06-04,2024-04-28,18,1.05,0.0315655332117332,0.568179597811197,Waring
SS-3-G87,Rhizophora mucronata,2023-06-12,2024-04-28,4,1.25,0.0490666645089897,0.196266658035959,Waring
SS-3-G87,Rhizophora mucronata,2023-06-12,2024-04-28,2,1.11,0.036330497047374,0.072660994094748,Waring
SS-3-G87,Rhizophora mucronata,2023-06-12,2024-04-28,1,1.205,0.0447199626295375,0.0447199626295375,Ajir
SS-3-G87,Rhizopora apiculata,2023-06-04,2024-04-28,2,1.01,0.0286112794341566,0.0572225588683131,Ajir
SS-3-G88,Bruguiera gymnorrhiza,2023-01-06,2024-04-28,2,0.8,0.015864334936755,0.0317286698735099,Ajir
SS-3-G89,Rhizopora apiculata,2023-06-04,2024-04-28,3,0.9,0.0213716351855848,0.0641149055567543,Ajir
SS-3-G90,Rhizopora apiculata,2023-06-04,2024-04-28,1,0.955,0.0248320591106089,0.0248320591106089,Ajir
SS-3-G91,Rhizopora apiculata,2023-06-04,2024-04-28,2,1.01,0.0286112794341566,0.0572225588683131,Ajir
SS-3-G92,Rhizophora mucronata,2023-06-12,2024-04-28,3,0.85,0.0184941376336462,0.0554824129009385,Ajir
SS-3-G92,Rhizophora mucronata,2023-06-12,2024-04-28,3,1.15,0.0397346817892616,0.119204045367785,Ajir
SS-3-G92,Rhizophora mucronata,2023-06-12,2024-04-28,2,0.82,0.0168870290238133,0.0337740580476267,Ajir
SS-3-G92,Kandelia candel,2023-06-16,2024-04-28,4,0.93,0.0232202057228073,0.092880822891229,Ajir
SS-3-G93,Rhizophora mucronata,2023-12-22,2024-04-29,25,0.85,0.0184941376336462,0.462353440841154,Ajir
SS-3-G94,Rhizophora mucronata,2023-12-22,2024-04-29,56,0.83,0.0174129269057008,0.975123906719242,Ajir
SS-3-G95,Rhizophora mucronata,2023-12-22,2024-04-29,95,1.19,0.0433249445547778,4.11586973270389,Ajir
SS-3-G96,Rhizophora mucronata,2023-12-22,2024-04-29,93,0.915,0.0222843294934597,2.07244264289175,Ajir
SS-3-G97,Rhizophora mucronata,2023-12-22,2024-04-29,104,0.84,0.0179486090081791,1.86665533685063,Ajir
SS-3-G98,Rhizophora mucronata,2023-12-22,2024-04-29,97,0.87,0.0196149819309063,1.90265324729791,Ajir
SS-3-G99,Rhizophora mucronata,2023-12-22,2024-04-29,108,0.86,0.0190495747368542,2.05735407158026,Ajir
SS-3-G100,Rhizophora mucronata,2023-12-22,2024-04-29,93,0.75,0.0134743926783132,1.25311851908313,Ajir
SS-3-G101,Rhizophora mucronata,2023-12-22,2024-04-29,109,0.8,0.015864334936755,1.72921250810629,Ajir
SS-3-G102,Rhizophora mucronata,2023-12-22,2024-04-29,103,0.75,0.0134743926783132,1.38786244586626,Ajir
SS-3-G103,Rhizophora mucronata,2023-12-22,2024-04-29,101,0.63,0.00866833712565285,0.875502049690938,Ajir
SS-3-G104,Rhizophora mucronata,2023-12-22,2024-04-29,103,0.82,0.0168870290238133,1.73936398945277,Ajir
SS-3-G105,Rhizophora mucronata,2023-12-22,2024-04-29,109,0.935,0.0235373507284639,2.56557122940257,Ajir
SS-3-G106,Rhizophora mucronata,2023-12-22,2024-04-29,98,0.74,0.0130244818294979,1.27639921929079,Ajir
SS-3-G107,Rhizophora mucronata,2023-12-22,2024-04-29,104,0.87,0.0196149819309063,2.03995812081425,Ajir
SS-3-G108,Rhizophora mucronata,2023-12-22,2024-04-29,102,0.58,0.00703197028688834,0.71726096926261,Ajir
SS-3-G109,Bruguiera gymnorrhiza,2023-12-22,2024-04-29,56,0.84,0.0179486090081791,1.00512210445803,Ajir
SS-3-G110,Rhizophora mucronata,2023-12-22,2024-04-29,105,0.86,0.0190495747368542,2.00020534736969,Ajir
SS-3-G111,Rhizophora mucronata,2023-12-22,2024-04-29,107,0.89,0.0207759513704905,2.22302679664249,Ajir
SS-3-G112,Bruguiera gymnorrhiza,2023-12-22,2024-04-29,44,0.64,0.00902068541166824,0.396910158113403,Ajir
SS-3-G113,Bruguiera gymnorrhiza,2023-12-22,2024-04-29,41,0.95,0.0245044480473945,1.00468236994318,Ajir
SS-3-G114,Bruguiera gymnorrhiza,2023-12-22,2024-04-29,65,0.93,0.0232202057228073,1.50931337198247,Ajir
SS-3-G115,Bruguiera gymnorrhiza,2023-12-22,2024-04-29,45,0.61,0.00798893128799317,0.359501907959692,Ajir
SS-3-G116,Bruguiera gymnorrhiza,2023-12-22,2024-04-29,42,1.1,0.0355081214562516,1.49134110116257,Ajir
SS-3-G117,Bruguiera gymnorrhiza,2023-12-22,2024-04-29,45,1.15,0.0397346817892616,1.78806068051677,Ajir
SS-3-G118,Bruguiera gymnorrhiza,2023-12-22,2024-04-29,62,0.78,0.0148800211355249,0.922561310402544,Ajir
SS-3-G119,Bruguiera gymnorrhiza,2023-12-22,2024-04-29,39,1.04,0.0308104862009348,1.20160896183646,Ajir
SS-3-G120,Bruguiera gymnorrhiza,2023-12-22,2024-04-29,25,1.17,0.0415063394464339,1.03765848616085,Ajir
SS-3-G121,Bruguiera gymnorrhiza,2023-12-22,2024-04-29,26,1.01,0.0286112794341566,0.743893265288071,Ajir
SS-3-G122,Bruguiera gymnorrhiza,2023-12-22,2024-04-29,43,0.91,0.0219775322414971,0.945033886384375,Ajir
SS-3-G123,Bruguiera gymnorrhiza,2023-12-22,2024-04-29,40,1.255,0.0495647396842796,1.98258958737118,Ajir
SS-3-G124,Bruguiera gymnorrhiza,2023-12-22,2024-04-29,20,0.94,0.0238571012040181,0.477142024080363,Ajir
SS-3-G125,Bruguiera gymnorrhiza,2023-12-22,2024-04-29,19,0.62,0.00832444288112943,0.158164414741459,Ajir
SS-3-G126,Bruguiera gymnorrhiza,2023-12-22,2024-04-29,56,0.28,0.00111407395814733,0.0623881416562502,Ajir
SS-3-G127,Bruguiera gymnorrhiza,2023-12-22,2024-04-29,41,0.35,0.00195927932410814,0.0803304522884336,Ajir
SS-3-G128,Bruguiera gymnorrhiza,2023-12-22,2024-04-29,41,0.57,0.00672926433170171,0.27589983759977,Ajir
SS-3-G129,Bruguiera gymnorrhiza,2023-12-22,2024-04-29,40,0.58,0.00703197028688834,0.281278811475533,Ajir
SS-3-G130,Bruguiera gymnorrhiza,2023-12-22,2024-04-29,59,0.57,0.00672926433170171,0.397026595570401,Ajir
SS-3-G131,Bruguiera gymnorrhiza,2023-12-22,2024-04-29,41,0.46,0.00391184391127164,0.160385600362137,Ajir
SS-3-G132,Bruguiera gymnorrhiza,2023-12-22,2024-04-29,7,0.5,0.00483056927003685,0.033813984890258,Ajir
SS-3-G133,Kandelia candel,2023-12-22,2024-04-30,45,0.58,0.00703197028688834,0.316438662909975,Ajir
SS-3-G134,Kandelia candel,2023-12-22,2024-04-30,43,0.54,0.00586895008148482,0.252364853503847,Ajir
SS-3-G135,Kandelia candel,2023-12-22,2024-04-30,28,0.66,0.00975102702738461,0.273028756766769,Ajir
SS-3-G136,Kandelia candel,2023-12-22,2024-04-30,56,0.73,0.0125837777512435,0.704691554069639,Ajir
SS-3-G137,Kandelia candel,2023-12-22,2024-04-30,70,0.87,0.0196149819309063,1.37304873516344,Ajir
SS-3-G138,Kandelia candel,2023-12-22,2024-04-30,64,0.95,0.0245044480473945,1.56828467503325,Ajir
SS-3-G139,Kandelia candel,2023-12-22,2024-04-30,41,0.91,0.0219775322414971,0.90107882190138,Ajir
SS-3-G140,Kandelia candel,2023-12-22,2024-04-30,26,0.99,0.0271995203544246,0.707187529215038,Ajir
SS-3-G141,Kandelia candel,2023-12-22,2024-04-30,52,0.815,0.0166277295995167,0.864641939174869,Ajir
SS-3-G142,Kandelia candel,2023-12-22,2024-04-30,51,0.74,0.0130244818294979,0.664248573304393,Ajir
SS-3-G143,Kandelia candel,2023-12-22,2024-04-30,66,0.755,0.0137028211994686,0.904386199164931,Ajir
SS-3-G144,Kandelia candel,2023-12-22,2024-04-30,38,0.53,0.00559786155461296,0.212718739075292,Ajir
SS-3-G145,Kandelia candel,2023-12-22,2024-04-30,74,0.65,0.00938155859860921,0.694235336297082,Ajir
SS-3-G146,Kandelia candel,2023-12-22,2024-04-30,65,0.56,0.00643457565656092,0.41824741767646,Ajir
SS-3-G147,Kandelia candel,2023-12-22,2024-04-30,32,0.52,0.00533448701925197,0.170703584616063,Ajir
SS-3-G148,Kandelia candel,2023-12-22,2024-04-30,35,1.02,0.0293334157623615,1.02666955168265,Ajir
SS-3-G149,Kandelia candel,2023-12-22,2024-04-30,66,0.78,0.0148800211355249,0.982081394944644,Ajir
SS-3-G150,Kandelia candel,2023-12-22,2024-04-30,69,0.72,0.012152214291407,0.83850278610708,Ajir
SS-3-G151,Kandelia candel,2023-12-22,2024-04-30,10,1.03,0.0300664658249494,0.300664658249494,Ajir
SS-3-G152,Rhizopora apiculata,2023-12-22,2024-04-30,59,0.57,0.00672926433170171,0.397026595570401,Ajir
SS-3-G153,Rhizopora apiculata,2023-12-22,2024-04-30,52,0.61,0.00798893128799317,0.415424426975645,Ajir
SS-3-G154,Rhizopora apiculata,2023-12-22,2024-04-30,48,0.84,0.0179486090081791,0.861533232392598,Ajir
SS-3-G155,Rhizopora apiculata,2023-12-22,2024-04-30,49,0.58,0.00703197028688834,0.344566544057529,Ajir
SS-3-G156,Kandelia candel,2023-12-22,2024-04-30,27,0.7,0.0113162424730533,0.305538546772439,Ajir
SS-3-G157,Rhizopora apiculata,2023-12-22,2024-04-30,62,0.645,0.00920005198420244,0.570403223020551,Ajir
SS-3-G158,Kandelia candel,2023-12-22,2024-04-30,77,0.72,0.012152214291407,0.935720500438335,Ajir
SS-3-G159,Kandelia candel,2023-12-22,2024-04-30,79,0.47,0.00413058709492076,0.32631638049874,Ajir
SS-3-G160,Rhizopora apiculata,2023-12-22,2024-04-30,48,0.63,0.00866833712565285,0.416080182031337,Ajir
SS-3-G161,Rhizopora apiculata,2023-12-22,2024-04-30,49,0.58,0.00703197028688834,0.344566544057529,Ajir
SS-3-G162,Rhizopora apiculata,2023-12-22,2024-04-30,51,0.66,0.00975102702738461,0.497302378396615,Ajir
SS-3-G163,Rhizopora apiculata,2023-12-22,2024-04-30,55,0.82,0.0168870290238133,0.928786596309733,Ajir
SS-3-G164,Rhizopora apiculata,2023-12-22,2024-04-30,60,0.77,0.0144020972100921,0.864125832605526,Ajir
SS-3-G165,Kandelia candel,2023-12-22,2024-04-30,47,0.7,0.0113162424730533,0.531863396233505,Ajir
SS-3-G166,Rhizopora apiculata,2023-12-22,2024-04-30,59,0.93,0.0232202057228073,1.36999213764563,Ajir
SS-3-G167,Kandelia candel,2023-12-22,2024-04-30,66,0.65,0.00938155859860921,0.619182867508208,Ajir
SS-3-G168,Rhizopora apiculata,2023-12-22,2024-04-30,73,0.695,0.0111128578442792,0.811238622632384,Ajir
SS-3-G169,Rhizopora apiculata,2023-12-22,2024-04-30,49,0.475,0.0042426678751598,0.20789072588283,Ajir
SS-3-G170,Rhizopora apiculata,2023-12-22,2024-04-30,33,0.69,0.0109116996383204,0.360086088064572,Ajir
SS-3-G171,Rhizopora apiculata,2023-12-22,2024-04-30,69,0.6,0.0076617304128358,0.52865939848567,Ajir
SS-3-G172,Rhizopora apiculata,2023-12-22,2024-04-30,56,0.635,0.00884345007246649,0.495233204058124,Ajir
SS-3-G173,Rhizopora apiculata,2023-12-22,2024-04-30,59,0.45,0.00370025678057076,0.218315150053675,Ajir
SS-3-G174,Rhizopora apiculata,2023-12-22,2024-04-30,64,0.63,0.00866833712565285,0.554773576041783,Ajir
SS-3-G175,Rhizopora apiculata,2023-12-22,2024-04-30,58,0.975,0.0261689249083683,1.51779764468536,Ajir
SS-3-G176,Rhizopora apiculata,2023-12-22,2024-04-30,59,0.76,0.0139335760309741,0.822080985827473,Ajir
SS-3-G177,Rhizopora apiculata,2023-12-22,2024-04-30,32,0.6,0.0076617304128358,0.245175373210746,Ajir
SS-3-G1,Rhizophora mucronata,2024-03-20,2024-04-27,17,0.61,0.00798893128799317,0.135811831895884,Ajir
SS-3-G2,Rhizophora mucronata,2024-03-20,2024-04-27,51,0.635,0.00884345007246649,0.451015953695791,Ajir
SS-3-G3,Rhizophora mucronata,2024-03-20,2024-04-27,65,0.7,0.0113162424730533,0.735555760748464,Ajir
SS-3-G4,Rhizophora mucronata,2024-03-20,2024-04-27,97,0.795,0.0156146782147505,1.5146237868308,Ajir
SS-3-G5,Rhizophora mucronata,2024-03-20,2024-04-27,78,0.6,0.0076617304128358,0.597614972201193,Waring
SS-3-G6,Rhizophora mucronata,2024-03-20,2024-04-27,82,0.43,0.00329821829143793,0.27045389989791,Waring
SS-3-G7,Rhizophora mucronata,2024-03-20,2024-04-27,63,0.47,0.00413058709492076,0.260226986980008,Waring
SS-3-G8,Rhizophora mucronata,2024-03-20,2024-04-27,44,0.45,0.00370025678057076,0.162811298345113,Waring
SS-3-G9,Rhizophora mucronata,2024-03-20,2024-04-27,34,0.62,0.00832444288112943,0.2830310579584,Waring
SS-3-G10,Rhizophora mucronata,2024-03-20,2024-04-27,22,0.66,0.00975102702738461,0.214522594602461,Waring
SS-3-G11,Rhizophora mucronata,2024-03-20,2024-04-27,17,0.59,0.00734276776579967,0.124827052018594,Waring
SS-3-G12,Rhizophora mucronata,2024-03-20,2024-04-27,33,0.63,0.00866833712565285,0.286055125146544,Waring
SS-3-G13,Rhizophora mucronata,2024-03-20,2024-04-27,71,0.48,0.00435656836789781,0.309316354120745,Waring
SS-3-G14,Rhizophora mucronata,2024-03-20,2024-04-27,81,0.59,0.00734276776579967,0.594764189029773,Waring
SS-3-G15,Rhizophora mucronata,2024-03-20,2024-04-27,103,0.61,0.00798893128799317,0.822859922663296,Waring
SS-3-G16,Rhizophora mucronata,2024-03-20,2024-04-27,69,0.56,0.00643457565656092,0.443985720302704,Waring
SS-3-G17,Rhizophora mucronata,2024-03-20,2024-04-27,81,0.61,0.00798893128799317,0.647103434327447,Waring
SS-3-G18,Rhizophora mucronata,2024-03-20,2024-04-27,127,0.69,0.0109116996383204,1.38578585406669,Waring
SS-3-G19,Rhizophora mucronata,2024-03-20,2024-04-27,98,0.565,0.00658092249818468,0.644930404822099,Waring
SS-3-G20,Rhizophora mucronata,2024-03-20,2024-04-27,34,0.69,0.0109116996383204,0.370997787702892,Waring
SS-3-G21,Rhizophora mucronata,2024-03-20,2024-04-27,7,0.39,0.00257630727006328,0.0180341508904429,Waring
SS-3-G22,Rhizophora mucronata,2024-03-20,2024-04-27,18,0.53,0.00559786155461296,0.100761507983033,Waring
SS-3-G23,Rhizophora mucronata,2024-03-20,2024-04-27,47,0.52,0.00533448701925197,0.250720889904843,Waring
SS-3-G24,Rhizophora mucronata,2024-03-20,2024-04-27,103,0.58,0.00703197028688834,0.724292939549499,Waring
SS-3-G25,Rhizophora mucronata,2024-03-20,2024-04-27,104,0.52,0.00533448701925197,0.554786650002205,Waring
SS-3-G26,Rhizophora mucronata,2024-03-20,2024-04-27,68,0.58,0.00703197028688834,0.478173979508407,Waring
SS-3-G27,Rhizophora mucronata,2024-03-20,2024-04-27,51,0.65,0.00938155859860921,0.47845948852907,Waring
SS-3-G28,Rhizophora mucronata,2024-03-20,2024-04-27,43,0.78,0.0148800211355249,0.639840908827571,Waring
SS-3-G29,Rhizophora mucronata,2024-03-20,2024-04-27,27,0.58,0.00703197028688834,0.189863197745985,Waring
SS-3-G30,Rhizophora mucronata,2024-03-20,2024-04-27,32,0.77,0.0144020972100921,0.460867110722947,Waring
SS-3-G31,Rhizophora mucronata,2024-03-20,2024-04-27,29,0.62,0.00832444288112943,0.241408843552753,Waring
SS-3-G32,Rhizophora mucronata,2024-03-20,2024-04-27,38,0.53,0.00559786155461296,0.212718739075292,Waring
SS-3-G33,Rhizophora mucronata,2024-03-20,2024-04-27,57,0.4,0.00274673006577278,0.156563613749048,Waring
SS-3-G34,Rhizophora mucronata,2024-03-20,2024-04-27,69,0.34,0.00182073132182351,0.125630461205822,Waring
SS-3-G35,Rhizophora mucronata,2024-03-20,2024-04-27,69,0.52,0.00533448701925197,0.368079604328386,Waring
SS-3-G36,Rhizophora mucronata,2024-03-20,2024-04-27,45,0.73,0.0125837777512435,0.56626999880596,Waring
SS-3-G37,Rhizophora mucronata,2024-03-20,2024-04-27,67,0.41,0.00292379797364348,0.195894464234113,Waring
SS-3-G38,Rhizophora mucronata,2024-03-20,2024-04-27,70,0.49,0.00458986895014105,0.321290826509873,Waring
SS-3-G39,Rhizophora mucronata,2024-03-20,2024-04-27,76,0.7,0.0113162424730533,0.86003442795205,Waring
SS-3-G40,Rhizophora mucronata,2024-03-20,2024-04-27,66,0.47,0.00413058709492076,0.27261874826477,Waring
SS-3-G41,Rhizophora mucronata,2024-03-20,2024-04-27,74,0.66,0.00975102702738461,0.721576000026461,Waring
SS-3-G42,Rhizophora mucronata,2024-03-20,2024-04-27,87,0.6,0.0076617304128358,0.666570545916715,Waring
SS-3-G43,Rhizophora mucronata,2024-03-20,2024-04-27,81,0.67,0.010129160532065,0.820462003097261,Waring
SS-3-G44,Rhizophora mucronata,2024-03-20,2024-04-27,8,0.56,0.00643457565656092,0.0514766052524874,Waring
SS-3-G45,Rhizophora mucronata,2024-03-20,2024-04-27,39,0.47,0.00413058709492076,0.16109289670191,Bambu Trap
SS-3-G46,Rhizophora mucronata,2024-03-20,2024-04-27,72,0.62,0.00832444288112943,0.599359887441319,Bambu Trap
SS-3-G47,Rhizophora mucronata,2024-03-20,2024-04-27,108,0.63,0.00866833712565285,0.936180409570508,Bambu Trap
SS-3-G48,Rhizophora mucronata,2024-03-21,2024-04-27,48,0.46,0.00391184391127164,0.187768507741039,Bambu Trap
SS-3-G49,Rhizophora mucronata,2024-03-21,2024-04-27,18,0.42,0.00310759853458124,0.0559367736224624,Bambu Trap
SS-3-G50,Rhizophora mucronata,2024-03-21,2024-04-27,32,0.44,0.00349574282376336,0.111863770360428,Bambu Trap
SS-3-G51,Rhizophora mucronata,2024-03-21,2024-04-27,31,0.64,0.00902068541166824,0.279641247761716,Bambu Trap
SS-3-G52,Rhizophora mucronata,2024-03-21,2024-04-27,57,0.42,0.00310759853458124,0.177133116471131,Bambu Trap
SS-3-G53,Rhizophora mucronata,2024-03-21,2024-04-27,26,0.6,0.0076617304128358,0.199204990733731,Bambu Trap
SS-3-G54,Rhizophora mucronata,2024-03-21,2024-04-27,33,0.65,0.00938155859860921,0.309591433754104,Bambu Trap
SS-3-G55,Rhizophora mucronata,2024-03-21,2024-04-27,76,0.6,0.0076617304128358,0.582291511375521,Bambu Trap
SS-3-G56,Rhizophora mucronata,2024-03-21,2024-04-27,34,0.7,0.0113162424730533,0.384752244083812,Bambu Trap
SS-3-G57,Rhizophora mucronata,2024-03-21,2024-04-27,50,0.75,0.0134743926783132,0.673719633915659,Bambu Trap
SS-3-G58,Rhizophora mucronata,2024-03-21,2024-04-27,70,0.55,0.00614782940298586,0.43034805820901,Bambu Trap
SS-3-G59,Rhizophora mucronata,2024-03-21,2024-04-27,38,0.44,0.00349574282376336,0.132838227303008,Bambu Trap
SS-3-G60,Rhizophora mucronata,2024-03-21,2024-04-27,70,0.53,0.00559786155461296,0.391850308822907,Bambu Trap
SS-3-G61,Rhizophora mucronata,2024-03-21,2024-04-27,62,0.52,0.00533448701925197,0.330738195193622,Bambu Trap
SS-3-G62,Rhizophora mucronata,2024-03-21,2024-04-27,35,0.53,0.00559786155461296,0.195925154411454,Waring
SS-3-G63,Rhizophora mucronata,2024-03-21,2024-04-27,38,0.56,0.00643457565656092,0.244513874949315,Waring
SS-3-G64,Rhizophora mucronata,2024-03-21,2024-04-27,54,0.415,0.0030148512405762,0.162801966991115,Waring
SS-3-G65,Rhizophora mucronata,2024-03-21,2024-04-27,29,0.76,0.0139335760309741,0.40407370489825,Waring
SS-3-G66,Rhizophora mucronata,2024-03-21,2024-04-27,77,0.565,0.00658092249818468,0.506731032360221,Waring
SS-3-G67,Rhizophora mucronata,2024-03-21,2024-04-27,55,0.64,0.00902068541166824,0.496137697641754,Waring
SS-3-G68,Rhizophora mucronata,2024-03-21,2024-04-27,71,0.62,0.00832444288112943,0.591035444560189,Waring
SS-3-G69,Rhizophora mucronata,2024-03-21,2024-04-27,83,0.66,0.00975102702738461,0.809335243272923,Waring
SS-3-G70,Rhizophora mucronata,2024-03-21,2024-04-27,76,0.56,0.00643457565656092,0.48902774989863,Waring
SS-3-G71,Rhizophora mucronata,2024-03-21,2024-04-27,89,0.61,0.00798893128799317,0.711014884631392,Waring
SS-3-G72,Rhizophora mucronata,2024-03-21,2024-04-27,88,0.61,0.00798893128799317,0.703025953343399,Waring
SS-3-G73,Rhizophora mucronata,2024-03-21,2024-04-27,83,0.75,0.0134743926783132,1.11837459229999,Waring
SS-3-G74,Rhizophora mucronata,2024-03-21,2024-04-27,18,0.6,0.0076617304128358,0.137911147431044,Waring
SS-3-G75,Rhizophora mucronata,2024-03-21,2024-04-27,91,0.5,0.00483056927003685,0.439581803573353,Waring
SS-3-G76,Rhizophora mucronata,2024-03-30,2024-04-27,85,0.25,0.000836358404036715,0.0710904643431208,Waring
SS-3-G77,Rhizophora mucronata,2024-03-30,2024-04-27,85,0.72,0.012152214291407,1.03293821476959,Waring
SS-3-G78,Rhizophora mucronata,2024-03-30,2024-04-27,52,0.45,0.00370025678057076,0.192413352589679,Waring
SS-3-G79,Rhizophora mucronata,2024-03-30,2024-04-27,102,0.42,0.00310759853458124,0.316975050527287,Waring
SS-3-G80,Rhizophora mucronata,2024-03-30,2024-04-27,36,0.63,0.00866833712565285,0.312060136523503,Waring
SS-3-G81,Rhizophora mucronata,2024-03-30,2024-04-27,64,0.52,0.00533448701925197,0.341407169232126,Waring
SS-3-G82,Rhizophora mucronata,2024-03-30,2024-04-27,101,0.79,0.0153674123320432,1.55210864553636,Waring
SS-3-G83,Rhizophora mucronata,2024-03-30,2024-04-27,31,0.7,0.0113162424730533,0.350803516664652,Waring
SS-3-G84,Rhizophora mucronata,2024-03-30,2024-04-27,53,0.545,0.00600741111892625,0.318392789303091,Waring
SS-3-G85,Rhizophora mucronata,2024-03-30,2024-04-27,98,0.55,0.00614782940298586,0.602487281492614,Waring
SS-3-G86,Rhizophora mucronata,2024-03-30,2024-04-27,114,0.73,0.0125837777512435,1.43455066364176,Waring
SS-3-G87,Rhizophora mucronata,2024-03-30,2024-04-27,21,0.475,0.0042426678751598,0.0890960253783559,Waring
SS-3-G88,Rhizophora mucronata,2024-03-30,2024-04-27,42,0.42,0.00310759853458124,0.130519138452412,Waring
SS-3-G89,Rhizophora mucronata,2024-03-30,2024-04-27,95,0.51,0.00507874898806015,0.482481153865714,Waring
SS-3-G90,Rhizophora mucronata,2024-03-30,2024-04-27,34,0.81,0.0163708527062984,0.556608992014145,Waring
SS-3-G91,Rhizophora mucronata,2024-03-30,2024-04-27,27,0.77,0.0144020972100921,0.388856624672487,Waring
SS-3-G92,Rhizophora mucronata,2024-03-30,2024-04-27,38,0.96,0.0251623050347898,0.956167591322011,Waring
SS-3-G93,Rhizophora mucronata,2024-04-06,2024-04-27,18,0.69,0.0109116996383204,0.196410593489767,Waring
SS-3-G93,Rhizophora mucronata,2024-04-06,2024-04-27,35,1.04,0.0308104862009348,1.07836701703272,Waring
SS-3-G95,Rhizophora mucronata,2024-04-06,2024-04-27,25,0.72,0.012152214291407,0.303805357285174,Waring
SS-3-G96,Rhizophora mucronata,2024-04-06,2024-04-27,26,0.63,0.00866833712565285,0.225376765266974,Bambu
SS-3-G97,Rhizophora mucronata,2024-04-06,2024-04-27,13,0.91,0.0219775322414971,0.285707919139462,Bambu
SS-3-G98,Rhizophora mucronata,2024-04-06,2024-04-27,16,0.67,0.010129160532065,0.162066568513039,Bambu
SS-3-G99,Rhizophora mucronata,2024-04-06,2024-04-27,9,0.82,0.0168870290238133,0.15198326121432,Bambu
SS-3-G100,Rhizophora mucronata,2024-04-06,2024-04-27,23,0.95,0.0245044480473945,0.563602305090074,Bambu
SS-3-G101,Rhizophora mucronata,2024-04-06,2024-04-27,14,0.74,0.0130244818294979,0.182342745612971,Bambu
SS-3-G102,Rhizophora mucronata,2024-04-06,2024-04-27,17,0.71,0.0117297248705236,0.199405322798901,Bambu
SS-3-G103,Rhizophora mucronata,2024-04-06,2024-04-27,20,0.825,0.0171487588448305,0.342975176896611,Bambu
SS-3-G104,Rhizophora mucronata,2024-04-06,2024-04-27,15,0.89,0.0207759513704905,0.311639270557358,Bambu
SS-3-G105,Rhizophora mucronata,2024-04-06,2024-04-27,14,0.82,0.0168870290238133,0.236418406333387,Bambu
SS-3-G106,Rhizophora mucronata,2024-04-06,2024-04-27,22,0.8,0.015864334936755,0.349015368608609,Bambu
SS-3-G107,Rhizophora mucronata,2024-04-06,2024-04-27,17,0.92,0.0225937025272482,0.384092942963219,Bambu
SS-3-G108,Rhizophora mucronata,2024-04-06,2024-04-27,16,0.91,0.0219775322414971,0.351640515863953,Bambu
SS-3-G109,Rhizophora mucronata,2024-04-06,2024-04-27,50,0.78,0.0148800211355249,0.744001056776245,Bambu
SS-3-G110,Rhizophora mucronata,2024-04-06,2024-04-27,12,0.57,0.00672926433170171,0.0807511719804205,Bambu
SS-3-G111,Rhizophora mucronata,2024-04-06,2024-04-27,24,0.77,0.0144020972100921,0.345650333042211,Bambu
SS-3-G112,Rhizophora mucronata,2024-04-06,2024-04-27,74,0.76,0.0139335760309741,1.03108462629209,Bambu
SS-3-G113,Rhizophora mucronata,2024-04-06,2024-04-27,66,0.72,0.012152214291407,0.802046143232859,Bambu
SS-3-G114,Rhizophora mucronata,2024-04-06,2024-04-27,46,0.65,0.00938155859860921,0.431551695536024,Bambu
SS-3-G115,Rhizophora mucronata,2024-04-06,2024-04-27,54,0.65,0.00938155859860921,0.506604164324898,Bambu
SS-3-G116,Rhizophora mucronata,2024-04-06,2024-04-27,55,0.72,0.012152214291407,0.668371786027382,Bambu
SS-3-G117,Rhizophora mucronata,2024-04-06,2024-04-27,52,0.66,0.00975102702738461,0.507053405424,Bambu
SS-3-G118,Rhizophora mucronata,2024-04-06,2024-04-27,50,0.85,0.0184941376336462,0.924706881682309,Bambu
SS-3-G119,Rhizophora mucronata,2024-04-06,2024-04-27,46,1.03,0.0300664658249494,1.38305742794767,Bambu
SS-3-G120,Rhizophora mucronata,2024-04-06,2024-04-27,73,1.07,0.0331089311571503,2.41695197447198,Bambu
SS-3-G121,Rhizophora mucronata,2024-04-06,2024-04-27,76,1.12,0.0371642866052266,2.82448578199722,Bambu
SS-3-G122,Rhizophora mucronata,2024-04-06,2024-04-27,50,1.18,0.0424097470119185,2.12048735059593,Bambu
SS-3-G123,Rhizophora mucronata,2024-04-06,2024-04-27,56,0.6,0.0076617304128358,0.429056903118805,Bambu
SS-3-G124,Rhizophora mucronata,2024-04-06,2024-04-27,73,0.695,0.0111128578442792,0.811238622632384,Bambu
SS-3-G125,Rhizophora mucronata,2024-04-06,2024-04-27,91,0.74,0.0130244818294979,1.18522784648431,Bambu
SS-3-G126,Rhizophora mucronata,2024-04-06,2024-04-27,63,0.87,0.0196149819309063,1.2357438616471,Bambu
SS-3-G127,Rhizophora mucronata,2024-04-06,2024-04-27,96,0.7,0.0113162424730533,1.08635927741312,Bambu
SS-3-G128,Rhizophora mucronata,2024-04-06,2024-04-27,79,0.7,0.0113162424730533,0.89398315537121,Bambu
SS-3-G129,Rhizophora mucronata,2024-04-06,2024-04-27,72,0.82,0.0168870290238133,1.21586608971456,Bambu
SS-3-G130,Rhizophora mucronata,2024-04-06,2024-04-27,59,0.85,0.0184941376336462,1.09115412038512,Bambu
SS-3-G131,Rhizophora mucronata,2024-04-06,2024-04-27,73,0.75,0.0134743926783132,0.983630665516862,Bambu
SS-3-G132,Rhizophora mucronata,2024-04-06,2024-04-27,34,0.77,0.0144020972100921,0.489671305143132,Bambu
SS-3-G133,Rhizophora mucronata,2024-04-06,2024-04-27,61,0.86,0.0190495747368542,1.16202405894811,Bambu
SS-3-G134,Rhizophora mucronata,2024-04-06,2024-04-27,72,0.67,0.010129160532065,0.729299558308677,Bambu
SS-3-G135,Rhizophora mucronata,2024-04-06,2024-04-27,54,0.64,0.00902068541166824,0.487117012230085,Bambu
SS-3-G136,Rhizophora mucronata,2024-04-06,2024-04-27,57,0.845,0.0182201386252902,1.03854790164154,Bambu
SS-3-G137,Rhizophora mucronata,2024-04-06,2024-04-27,28,0.94,0.0238571012040181,0.667998833712508,Bambu
SS-3-G138,Rhizophora mucronata,2024-04-06,2024-04-27,39,1.145,0.0392990529434188,1.53266306479333,Bambu
SS-3-G139,Rhizophora mucronata,2024-04-06,2024-04-27,51,1.175,0.0419565727933539,2.13978521246105,Bambu
SS-3-G140,Rhizophora mucronata,2024-04-06,2024-04-27,49,0.64,0.00902068541166824,0.442013585171744,Bambu
SS-3-G141,Rhizophora mucronata,2024-04-06,2024-04-27,47,0.97,0.0258307306579455,1.21404434092344,Bambu
SS-3-G142,Rhizophora mucronata,2024-04-06,2024-04-27,60,0.95,0.0245044480473945,1.47026688284367,Bambu
SS-3-G143,Rhizophora mucronata,2024-04-06,2024-04-27,58,1.1,0.0355081214562516,2.0594710444626,Bambu
SS-3-G144,Rhizophora mucronata,2024-04-06,2024-04-27,21,0.97,0.0258307306579455,0.542445343816855,Bambu
SS-3-G145,Rhizophora mucronata,2024-04-06,2024-04-27,35,0.83,0.0174129269057008,0.609452441699526,Bambu
SS-3-G146,Rhizophora mucronata,2024-04-06,2024-04-27,53,0.73,0.0125837777512435,0.666940220815908,Bambu
SS-3-G147,Rhizophora mucronata,2024-04-06,2024-04-27,53,1.03,0.0300664658249494,1.59352268872232,Bambu
SS-3-G148,Rhizophora mucronata,2024-04-06,2024-04-27,59,0.77,0.0144020972100921,0.849723735395434,Bambu
SS-3-G149,Rhizophora mucronata,2024-04-06,2024-04-27,39,0.8,0.015864334936755,0.618709062533443,Bambu
SS-3-G150,Rhizophora mucronata,2024-04-06,2024-04-27,39,0.78,0.0148800211355249,0.580320824285471,Bambu
SS-3-G151,Rhizophora mucronata,2024-04-06,2024-04-27,97,0.98,0.0265097831229234,2.57144896292357,Bambu
SS-3-G152,Rhizophora mucronata,2024-04-06,2024-04-27,44,0.7,0.0113162424730533,0.497914668814345,Bambu
SS-3-G153,Rhizophora mucronata,2024-04-06,2024-04-27,50,0.77,0.0144020972100921,0.720104860504605,Bambu
SS-3-G154,Rhizophora mucronata,2024-04-06,2024-04-27,43,0.87,0.0196149819309063,0.84344422302897,Bambu
SS-3-G155,Rhizophora mucronata,2024-04-06,2024-04-27,55,0.98,0.0265097831229234,1.45803807176079,Bambu
SS-3-G156,Rhizophora mucronata,2024-04-06,2024-04-27,76,0.75,0.0134743926783132,1.0240538435518,Bambu
SS-3-G157,Rhizophora mucronata,2024-04-06,2024-04-27,36,0.58,0.00703197028688834,0.25315093032798,Bambu
SS-3-G158,Rhizophora mucronata,2024-04-06,2024-04-27,22,0.97,0.0258307306579455,0.568276074474801,Bambu
SS-3-G159,Rhizophora mucronata,2024-04-06,2024-04-27,24,1.18,0.0424097470119185,1.01783392828604,Bambu
SS-3-G160,Rhizophora mucronata,2024-04-06,2024-04-27,56,0.815,0.0166277295995167,0.931152857572936,Bambu
SS-3-G161,Rhizophora mucronata,2024-04-06,2024-04-27,55,0.82,0.0168870290238133,0.928786596309733,Bambu
SS-3-G162,Rhizophora mucronata,2024-04-06,2024-04-27,55,1.06,0.0323316629247944,1.77824146086369,Bambu
SS-3-G163,Rhizophora mucronata,2024-04-06,2024-04-27,58,1.04,0.0308104862009348,1.78700819965422,Bambu
SS-3-G164,Rhizophora mucronata,2024-04-06,2024-04-27,53,0.81,0.0163708527062984,0.867655193433815,Bambu
SS-3-G165,Rhizophora mucronata,2024-04-06,2024-04-27,59,0.81,0.0163708527062984,0.965880309671605,Bambu
SS-3-G166,Rhizophora mucronata,2024-04-06,2024-04-27,53,0.73,0.0125837777512435,0.666940220815908,Bambu
SS-3-G167,Rhizophora mucronata,2024-04-06,2024-04-27,39,0.79,0.0153674123320432,0.599329080949685,Bambu
SS-3-G168,Rhizophora mucronata,2024-04-06,2024-04-27,48,0.76,0.0139335760309741,0.668811649486758,Bambu
SS-3-G169,Rhizophora mucronata,2024-04-06,2024-04-27,49,0.54,0.00586895008148482,0.287578553992756,Bambu
SS-3-G170,Rhizophora mucronata,2024-04-06,2024-04-27,70,0.635,0.00884345007246649,0.619041505072655,Bambu
SS-3-G171,Rhizophora mucronata,2024-04-06,2024-04-27,43,0.97,0.0258307306579455,1.11072141829166,Bambu
SS-3-G172,Rhizophora mucronata,2024-04-06,2024-04-27,41,0.855,0.0187706137667753,0.769595164437788,Bambu
SS-3-G173,Rhizophora mucronata,2024-04-06,2024-04-27,41,0.69,0.0109116996383204,0.447379685171135,Bambu
SS-3-G174,Rhizophora mucronata,2024-04-06,2024-04-27,40,0.83,0.0174129269057008,0.69651707622803,Bambu
SS-3-G175,Rhizophora mucronata,2024-04-06,2024-04-27,37,0.76,0.0139335760309741,0.515542313146043,Bambu
SS-3-G176,Rhizophora mucronata,2024-04-06,2024-04-27,50,0.56,0.00643457565656092,0.321728782828046,Bambu
SS-3-G177,Rhizophora mucronata,2024-04-06,2024-04-27,42,0.85,0.0184941376336462,0.776753780613139,Bambu
SS-4-G1,Kandelia candel,2023-12-22,2024-04-17,64,0.84,0.0179486090081791,1.14871097652346,Bambu
SS-4-G2,Rhizophora mucronata,2024-01-03,2024-04-17,98,0.59,0.00734276776579967,0.719591241048367,Bambu
SS-4-G3,Bruguiera gymnorrhiza,2024-01-03,2024-04-17,50,0.87,0.0196149819309063,0.980749096545314,Bambu
SS-4-G4,Bruguiera gymnorrhiza,2024-01-04,2024-04-17,42,0.93,0.0232202057228073,0.975248640357905,Bambu
SS-4-G5,Bruguiera gymnorrhiza,2024-01-04,2024-04-17,56,0.95,0.0245044480473945,1.37224909065409,Bambu
SS-4-G6,Bruguiera gymnorrhiza,2024-01-04,2024-04-17,42,0.85,0.0184941376336462,0.776753780613139,Bambu
SS-4-G7,Bruguiera gymnorrhiza,2024-01-04,2024-04-17,59,0.81,0.0163708527062984,0.965880309671605,Bambu
SS-4-G8,Bruguiera gymnorrhiza,2024-01-04,2024-04-17,45,0.68,0.0105160284511329,0.47322128030098,Bambu
SS-4-G9,Rhizophora mucronata,2024-01-04,2024-04-17,91,0.88,0.0201904204930807,1.83732826487034,Bambu
SS-4-G10,Kandelia candel,2024-01-03,2024-04-17,53,0.915,0.0222843294934597,1.18106946315336,Bambu
SS-4-G11,Kandelia candel,2024-01-03,2024-04-17,40,0.855,0.0187706137667753,0.750824550671012,Bambu
SS-4-G12,Rhizophora mucronata,2024-01-03,2024-04-17,89,0.81,0.0163708527062984,1.45700589086056,Bambu
SS-4-G13,Bruguiera gymnorrhiza,2024-01-03,2024-04-17,41,1.01,0.0286112794341566,1.17306245680042,Bambu
SS-4-G14,Bruguiera gymnorrhiza,2024-01-04,2024-04-17,52,0.63,0.00866833712565285,0.450753530533948,Bambu
SS-4-G15,Bruguiera gymnorrhiza,2024-01-04,2024-04-17,53,0.87,0.0196149819309063,1.03959404233803,Bambu
SS-4-G16,Bruguiera gymnorrhiza,2024-01-04,2024-04-17,49,0.865,0.0193310282348911,0.947220383509663,Bambu
SS-4-G17,Bruguiera gymnorrhiza,2024-01-04,2024-04-17,51,0.67,0.010129160532065,0.516587187135313,Bambu
SS-4-G18,Bruguiera gymnorrhiza,2024-01-04,2024-04-17,39,0.78,0.0148800211355249,0.580320824285471,Bambu
SS-4-G19,Bruguiera gymnorrhiza,2024-01-04,2024-04-17,34,0.81,0.0163708527062984,0.556608992014145,Bambu
SS-4-G20,Bruguiera gymnorrhiza,2024-01-04,2024-04-17,11,0.83,0.0174129269057008,0.191542195962708,Bambu
SS-4-G21,Bruguiera gymnorrhiza,2024-01-04,2024-04-17,37,0.795,0.0156146782147505,0.577743093945769,Bambu
SS-4-G22,Bruguiera gymnorrhiza,2024-01-04,2024-04-17,45,0.58,0.00703197028688834,0.316438662909975,Bambu
SS-4-G23,Bruguiera gymnorrhiza,2024-01-04,2024-04-17,59,0.98,0.0265097831229234,1.56407720425248,Bambu
SS-4-G24,Rhizopora apiculata,2024-01-04,2024-04-17,63,0.88,0.0201904204930807,1.27199649106408,Bambu
SS-4-G25,Rhizopora apiculata,2024-01-06,2024-04-17,64,0.97,0.0258307306579455,1.65316676210851,Bambu
SS-4-G26,Rhizopora apiculata,2024-01-06,2024-04-17,79,0.54,0.00586895008148482,0.463647056437301,Bambu
SS-4-G27,Rhizopora apiculata,2024-01-06,2024-04-17,73,0.68,0.0105160284511329,0.767670076932702,Bambu
SS-4-G28,Rhizopora apiculata,2024-01-06,2024-04-17,58,0.95,0.0245044480473945,1.42125798674888,Bambu
SS-4-G29,Rhizopora apiculata,2024-01-06,2024-04-17,78,0.91,0.0219775322414971,1.71424751483677,Bambu
SS-4-G30,Rhizopora apiculata,2024-01-06,2024-04-17,74,0.98,0.0265097831229234,1.96172395109633,Bambu
SS-4-G31,Rhizopora apiculata,2024-01-06,2024-04-17,50,1.175,0.0419565727933539,2.09782863966769,Bambu
SS-4-G32,Bruguiera gymnorrhiza,2024-01-06,2024-04-17,70,0.86,0.0190495747368542,1.3334702315798,Bambu
SS-4-G33,Bruguiera gymnorrhiza,2024-01-04,2024-04-17,74,0.93,0.0232202057228073,1.71829522348774,Bambu
SS-4-G34,Bruguiera gymnorrhiza,2024-01-04,2024-04-17,62,1.04,0.0308104862009348,1.91025014445796,Bambu
SS-4-G35,Bruguiera gymnorrhiza,2024-01-04,2024-04-17,38,0.82,0.0168870290238133,0.641707102904906,Bambu
SS-4-G36,Rhizopora apiculata,2024-01-04,2024-04-17,81,0.77,0.0144020972100921,1.16656987401746,Bambu
SS-4-G37,Rhizopora apiculata,2024-01-06,2024-04-17,89,0.88,0.0201904204930807,1.79694742388418,Bambu
SS-4-G38,Rhizopora apiculata,2024-01-06,2024-04-17,86,0.87,0.0196149819309063,1.68688844605794,Bambu
SS-4-G39,Rhizopora apiculata,2024-01-06,2024-04-17,67,1.17,0.0415063394464339,2.78092474291107,Bambu
SS-4-G40,Bruguiera gymnorrhiza,2024-01-06,2024-04-17,54,0.69,0.0109116996383204,0.5892317804693,Bambu
SS-4-G41,Bruguiera gymnorrhiza,2024-01-06,2024-04-17,67,0.87,0.0196149819309063,1.31420378937072,Bambu
SS-4-G42,Bruguiera gymnorrhiza,2024-01-06,2024-04-17,30,0.91,0.0219775322414971,0.659325967244913,Bambu
SS-4-G43,Rhizopora apiculata,2024-01-06,2024-04-17,60,1.235,0.0475906466571492,2.85543879942895,Bambu
SS-4-G44,Rhizopora apiculata,2024-01-06,2024-04-17,60,0.66,0.00975102702738461,0.585061621643077,Bambu
SS-4-G45,Rhizopora apiculata,2024-01-06,2024-04-17,72,0.73,0.0125837777512435,0.906031998089535,Bambu
SS-4-G46,Rhizopora apiculata,2024-01-06,2024-04-17,74,0.745,0.0132482822895354,0.980372889425617,Bambu
SS-4-G47,Rhizopora apiculata,2024-01-06,2024-04-17,69,0.55,0.00614782940298586,0.424200228806024,Bambu
SS-4-G48,Rhizopora apiculata,2024-01-06,2024-04-17,53,0.76,0.0139335760309741,0.738479529641629,Bambu
SS-4-G49,Rhizopora apiculata,2024-01-06,2024-04-17,55,0.69,0.0109116996383204,0.60014348010762,Bambu
SS-4-G50,Rhizopora apiculata,2024-01-06,2024-04-17,56,0.6,0.0076617304128358,0.429056903118805,Bambu
SS-4-G51,Rhizopora apiculata,2024-01-06,2024-04-18,30,1.03,0.0300664658249494,0.901993974748483,Bambu
SS-4-G52,Bruguiera gymnorrhiza,2024-01-06,2024-04-18,27,0.67,0.010129160532065,0.273487334365754,Bambu
SS-4-G53,Bruguiera gymnorrhiza,2024-01-06,2024-04-18,56,0.75,0.0134743926783132,0.754565989985538,Bambu
SS-4-G54,Bruguiera gymnorrhiza,2024-01-06,2024-04-18,55,0.745,0.0132482822895354,0.728655525924445,Bambu
SS-4-G55,Bruguiera gymnorrhiza,2024-01-06,2024-04-18,52,0.89,0.0207759513704905,1.08034947126551,Bambu
SS-4-G56,Rhizopora apiculata,2024-01-06,2024-04-18,80,0.45,0.00370025678057076,0.296020542445661,Bambu
SS-4-G57,Rhizopora apiculata,2024-01-06,2024-04-18,47,0.74,0.0130244818294979,0.612150645986401,Bambu
SS-4-G58,Rhizopora apiculata,2024-01-06,2024-04-18,87,0.9,0.0213716351855848,1.85933226114588,Bambu
SS-4-G59,Rhizopora apiculata,2024-01-06,2024-04-18,63,0.65,0.00938155859860921,0.59103819171238,Bambu
SS-4-G60,Bruguiera gymnorrhiza,2024-01-06,2024-04-18,23,0.92,0.0225937025272482,0.519655158126708,Bambu
SS-4-G61,Bruguiera gymnorrhiza,2024-01-06,2024-04-18,41,0.97,0.0258307306579455,1.05905995697577,Bambu
SS-4-G62,Bruguiera gymnorrhiza,2024-01-06,2024-04-18,61,1.01,0.0286112794341566,1.74528804548355,Bambu
SS-4-G63,Rhizopora apiculata,2024-01-06,2024-04-18,62,0.94,0.0238571012040181,1.47914027464913,Bambu
SS-4-G64,Rhizopora apiculata,2024-01-06,2024-04-18,45,0.88,0.0201904204930807,0.908568922188631,Bambu
SS-4-G65,Rhizopora apiculata,2024-01-06,2024-04-18,80,0.56,0.00643457565656092,0.514766052524874,Bambu
SS-4-G66,Rhizopora apiculata,2024-01-06,2024-04-18,72,0.91,0.0219775322414971,1.58238232138779,Bambu
SS-4-G67,Rhizopora apiculata,2024-01-06,2024-04-18,67,1.01,0.0286112794341566,1.91695572208849,Bambu
SS-4-G68,Rhizopora apiculata,2024-01-06,2024-04-18,51,0.89,0.0207759513704905,1.05957351989502,Bambu
SS-4-G69,Rhizopora apiculata,2024-01-06,2024-04-18,71,0.67,0.010129160532065,0.719170397776612,Bambu
SS-4-G70,Rhizopora apiculata,2024-01-06,2024-04-18,87,0.6,0.0076617304128358,0.666570545916715,Bambu
SS-4-G71,Rhizopora apiculata,2024-01-06,2024-04-18,71,0.56,0.00643457565656092,0.456854871615825,Bambu
SS-4-G72,Rhizopora apiculata,2024-01-06,2024-04-18,62,0.53,0.00559786155461296,0.347067416386004,Bambu
SS-4-G73,Bruguiera gymnorrhiza,2024-01-06,2024-04-18,51,0.66,0.00975102702738461,0.497302378396615,Bambu
SS-4-G74,Rhizopora apiculata,2024-01-06,2024-04-18,83,0.55,0.00614782940298586,0.510269840447826,Bambu
SS-4-G75,Rhizopora apiculata,2024-01-06,2024-04-18,87,0.85,0.0184941376336462,1.60898997412722,Bambu
SS-4-G76,Rhizopora apiculata,2024-01-06,2024-04-18,70,0.67,0.010129160532065,0.709041237244547,Bambu
SS-4-G77,Rhizopora apiculata,2024-01-06,2024-04-18,88,0.58,0.00703197028688834,0.618813385246174,Bambu
SS-4-G78,Rhizopora apiculata,2024-01-06,2024-04-18,85,0.53,0.00559786155461296,0.475818232142102,Bambu
SS-4-G79,Rhizopora apiculata,2024-01-06,2024-04-18,84,0.7,0.0113162424730533,0.950564367736476,Bambu
SS-4-G80,Rhizopora apiculata,2024-01-06,2024-04-18,22,0.52,0.00533448701925197,0.117358714423543,Bambu
SS-4-G81,Rhizopora apiculata,2024-01-06,2024-04-18,79,0.75,0.0134743926783132,1.06447702158674,Bambu
SS-4-G82,Rhizopora apiculata,2024-01-06,2024-04-18,69,0.71,0.0117297248705236,0.809351016066128,Bambu
SS-4-G83,Rhizopora apiculata,2024-01-06,2024-04-18,69,0.58,0.00703197028688834,0.485205949795295,Bambu
SS-4-G84,Rhizopora apiculata,2024-01-06,2024-04-18,75,0.54,0.00586895008148482,0.440171256111362,Bambu
SS-4-G85,Rhizopora apiculata,2024-01-06,2024-04-18,78,0.685,0.0107127593515008,0.835595229417065,Bambu
SS-4-G86,Rhizopora apiculata,2024-01-06,2024-04-18,71,0.74,0.0130244818294979,0.924738209894351,Bambu
SS-4-G87,Rhizopora apiculata,2024-01-06,2024-04-18,78,0.57,0.00672926433170171,0.524882617872733,Bambu
SS-4-G88,Rhizopora apiculata,2024-01-06,2024-04-18,93,0.44,0.00349574282376336,0.325104082609993,Bambu
SS-4-G89,Rhizopora apiculata,2024-01-06,2024-04-18,79,1.04,0.0308104862009348,2.43402840987385,Bambu
SS-4-G90,Rhizopora apiculata,2024-01-06,2024-04-18,91,0.64,0.00902068541166824,0.82088237246181,Bambu
SS-4-G91,Rhizopora apiculata,2024-01-06,2024-04-18,86,0.74,0.0130244818294979,1.12010543733682,Bambu
SS-4-G92,Rhizopora apiculata,2024-01-06,2024-04-18,73,0.53,0.00559786155461296,0.408643893486746,Bambu
SS-4-G93,Rhizopora apiculata,2024-01-06,2024-04-18,80,0.71,0.0117297248705236,0.938377989641887,Bambu
SS-4-G94,Rhizopora apiculata,2024-01-06,2024-04-18,76,0.515,0.00520566831084638,0.395630791624325,Bambu
SS-4-G95,Rhizopora apiculata,2024-01-06,2024-04-18,71,0.6,0.0076617304128358,0.543982859311342,Bambu
SS-4-G96,Rhizopora apiculata,2024-01-06,2024-04-18,88,0.67,0.010129160532065,0.891366126821716,Bambu
SS-4-G97,Rhizopora apiculata,2024-01-06,2024-04-18,81,0.775,0.0146398797875493,1.18583026279149,Bambu
SS-4-G98,Rhizopora apiculata,2024-01-06,2024-04-18,74,0.8,0.015864334936755,1.17396078531987,Bambu
SS-4-G99,Rhizopora apiculata,2024-01-06,2024-04-18,90,0.4,0.00274673006577278,0.24720570591955,Bambu
SS-4-G100,Rhizopora apiculata,2024-01-06,2024-04-18,79,0.9,0.0213716351855848,1.6883591796612,Bambu
SS-4-G101,Rhizopora apiculata,2024-01-06,2024-04-18,77,0.38,0.00241244101064321,0.185757957819527,Bambu
SS-4-G102,Rhizopora apiculata,2024-01-06,2024-04-18,76,0.37,0.00225504163740953,0.171383164443124,Bambu
SS-4-G103,Rhizopora apiculata,2024-01-06,2024-04-18,88,0.47,0.00413058709492076,0.363491664353027,Bambu
SS-4-G104,Rhizopora apiculata,2024-01-06,2024-04-18,98,0.69,0.0109116996383204,1.0693465645554,Bambu
SS-4-G105,Rhizopora apiculata,2024-01-06,2024-04-18,93,0.59,0.00734276776579967,0.682877402219369,Bambu
SS-4-G106,Rhizopora apiculata,2024-01-06,2024-04-18,66,0.43,0.00329821829143793,0.217682407234903,Bambu
SS-4-G107,Rhizopora apiculata,2024-01-06,2024-04-18,81,0.72,0.012152214291407,0.984329357603963,Bambu
SS-4-G108,Rhizopora apiculata,2024-01-06,2024-04-18,75,0.56,0.00643457565656092,0.482593174242069,Bambu
SS-4-G109,Rhizopora apiculata,2024-01-06,2024-04-18,87,0.99,0.0271995203544246,2.36635827083494,Bambu
SS-4-G110,Rhizopora apiculata,2024-01-06,2024-04-18,87,0.71,0.0117297248705236,1.02048606373555,Bambu
SS-4-G111,Rhizopora apiculata,2024-01-06,2024-04-18,83,0.66,0.00975102702738461,0.809335243272923,Bambu
SS-4-G112,Rhizopora apiculata,2024-01-06,2024-04-18,81,0.47,0.00413058709492076,0.334577554688582,Bambu
SS-4-G113,Rhizopora apiculata,2024-01-06,2024-04-18,76,0.72,0.012152214291407,0.923568286146928,Bambu
SS-4-G114,Rhizopora apiculata,2024-01-06,2024-04-18,80,0.64,0.00902068541166824,0.72165483293346,Bambu
SS-4-G115,Rhizopora apiculata,2024-01-06,2024-04-18,63,0.53,0.00559786155461296,0.352665277940616,Bambu
SS-4-G116,Rhizopora apiculata,2024-01-06,2024-04-18,55,0.61,0.00798893128799317,0.439391220839624,Bambu
SS-4-G117,Rhizopora apiculata,2024-01-06,2024-04-18,61,0.48,0.00435656836789781,0.265750670441767,Bambu
SS-4-G118,Rhizopora apiculata,2024-01-06,2024-04-18,67,0.55,0.00614782940298586,0.411904570000052,Bambu
SS-4-G119,Rhizopora apiculata,2024-01-06,2024-04-18,71,0.61,0.00798893128799317,0.567214121447515,Bambu
SS-4-G120,Rhizopora apiculata,2024-01-06,2024-04-18,95,0.62,0.00832444288112943,0.790822073707296,Bambu
SS-4-G121,Rhizopora apiculata,2024-01-06,2024-04-18,91,0.91,0.0219775322414971,1.99995543397623,Bambu
SS-4-G122,Rhizopora apiculata,2024-01-06,2024-04-18,73,0.55,0.00614782940298586,0.448791546417967,Bambu
